,cases_per_mil,deaths_per_mil,reprod_rate,string_index,pop_density,median_age,life_expect,hum_dev_index,gdp_per_capita,social_support,life_choices
Afghanistan,-0.8826033179658073,-0.7769767373146588,-0.7614319039519235,-0.05612531017448787,-0.227059523302141,-1.3435209623487494,-1.0846941275371054,-1.4213619480100734,-1.4029545166257797,-2.30210047494964,-2.7077110500797295
Albania,-0.2705075486176605,-0.009090307582381031,-0.33946515524702775,0.3938580459219056,-0.1699780907121792,0.7437966690245156,0.7060112353496089,0.4065631534308062,0.0960822455501985,-1.2006264173884797,-0.0771856272277833
Algeria,-0.8730184041164035,-0.8063969233595942,-0.23717018586402255,0.5819591965784155,-0.26900757047533064,-0.21378719279105438,0.48575708227256786,0.10405442185432234,0.23418445982101738,-0.16237896736104176,-2.117044767141695
Argentina,0.43994498479904537,1.1975422987316193,0.1464359493222469,1.2200437033313203,-0.27033251958359533,0.087475145757664,0.4583882230144748,0.7283809529802564,0.4601699013550847,0.7427598352269812,0.5272170808948569
Armenia,0.0396031633680835,1.2573291205089332,0.05692785111211708,-1.1521888464405151e-15,-0.172173138765154,0.49633117664521126,0.25247013907262567,0.28427238960201484,-0.14747984143651818,-0.5117891668895065,-0.7640068864580567
Australia,0.97312661680144,-0.674039459383289,0.33823901691538133,-0.5442153648952617,-0.28501331777294997,0.7330372997906326,1.3407081143349298,1.3655801960881684,1.1632357194610712,1.1287749128012854,1.1178833638328922
Austria,2.2556164732483386,0.7301296460383055,1.1054512872879196,-0.20611976220661982,-0.16785319367945414,1.4323962999930153,1.0930851019997958,1.2239803642864109,1.1732795168625847,0.885851631224353,0.9461780490253239
Azerbaijan,-0.3945600290793163,-0.2094361573469975,-0.4033995111114057,0.9200547992670575,-0.15364195473854508,0.14127199192707807,-0.019915174496023546,0.15554526978223449,0.33713338318653663,-0.20563927777885135,-0.2969684301814709
Bahrain,1.3239409750410616,-0.2836567118378864,-0.2627439282097738,-0.5069194470926771,1.901780675641827,0.14127199192707807,0.5391915217764669,0.7734354449171795,1.138126225957286,0.5297859993239176,0.9736508993945349
Bangladesh,-0.8343370464695432,-0.7905900136430807,0.7090582809287749,0.6946577308079629,1.1427115610298377,-0.3859371005331795,-0.07334961399992071,-0.642562873100403,-0.8706332543455326,-0.9344091225096491,0.9118369860638101
Belarus,-0.21716109960412774,-0.36776099091737563,0.5044683421627645,-3.3592463781685566,-0.23561794777260564,0.99126216140382,0.2133717687039205,0.586781121178498,0.39739616759562124,0.8525744693644992,-1.0936810908885877
Belgium,1.4731596751059022,1.1252858898282214,0.4405339862983865,-0.2815223786335825,0.13630239516612414,1.152652699912062,1.104814613110406,1.281907568205312,1.123060529855015,0.9823554006179287,0.5409535060794624
Benin,-0.8983800979387696,-0.9121413020675881,-1.4902835608058347,-1.1450039538455816,-0.17649647825505957,-1.3220022238809839,-1.4834975052979016,-1.2025258443164468,-1.2949836945595032,-2.56831776982847,-0.3107048553660764
Bhutan,-0.40183229697267486,-0.9017648536718166,-0.6847106769146697,0.9946466348722256,-0.2646627330921228,-0.2675840389604684,-0.17891521399542604,-0.5009630412986447,-0.24038496740052365,0.37338333858260425,0.4310621046026189
Bolivia,-0.39948052409058554,0.46908427301490246,-0.9788087138908093,0.9200547992670575,-0.277093041293144,-0.6118838544447186,-0.21410374732726054,-0.0890362578753482,-0.3332900933645288,0.0006791257522422915,0.8019455845869664
Bosnia and Herzegovina,-0.13892741252022245,2.705976861479561,-0.6591369345689183,0.6192551143810002,-0.21113524170545678,1.2279682845492421,0.5535275909116588,0.3100178135659709,0.09106034684944143,0.010662274310198066,-1.2516499805115504
Botswana,-0.056543891845217166,-0.078846349403421,-1.0811036832738146,0.0938691418576429,-0.2840606216592362,-0.5688463775091872,-0.4643333176869764,0.020381793971465105,0.3321114844857796,-0.2122947101508221,0.41732567941801346
Brazil,0.05469689308360088,1.4139087968505633,1.0798775449421683,-0.3188182964361671,-0.26030431809209237,0.25962505349978915,0.3554291810435493,0.21347247370113565,0.23920635852177444,0.7660538485288793,-0.02910813908166413
Bulgaria,0.21618023356633884,3.117284246686891,-0.6079894498774158,-0.9569028031890706,-0.21488718982074773,1.464674407694664,0.2472570230234641,0.5417266292415749,0.4601699013550847,1.0123048462917967,-0.57169693387358
Burkina Faso,-0.9063502674783108,-0.9085624923144353,-0.914874358026431,0.3938580459219056,-0.20926266205201696,-1.4511146546875775,-1.5082598065314157,-1.8011069514784253,-1.4506625542829714,-0.5084614507035207,-0.956316839042533
Burundi,-0.8899238495306665,-0.9196334037930693,-1.375201720249954,-4.673522090298745,0.1900448654858134,-1.4618740239214605,-1.5082598065314157,-1.9233977153072166,-2.1662831191408505,-2.5350406079686163,-1.1967042797731287
Cambodia,-0.8591054466948413,-0.7867164695577843,-0.5824157075316645,-0.9569028031890706,-0.1860438058174314,-0.5903651159769527,-0.43435790040430344,-0.8871444007579857,-0.8405018621409907,-0.2888321824284855,1.475030418632634
Cameroon,-0.8834000729150636,-0.868792106478372,-1.0938905544466901,-1.1068972552212024,-0.23106152586058012,-1.3220022238809839,-1.806710700345868,-1.0866714364786454,-0.9032755959004535,-0.994308013857386,-0.09092205241238877
Canada,-0.23112947903982686,-0.11338801319443366,0.26151778987812746,-0.5442153648952617,-0.28406854193571596,1.109615222976531,1.2090769340936223,1.269034856223334,1.1456590740084214,0.9856831168039137,1.3033251038250655
Central African Republic,-0.8929474639488177,-0.9047339458370998,-1.3496279779042029,-0.7315057347299759,-0.2801740288437885,-1.375799070050398,-2.589981386732269,-2.155106530982821,-2.2165021061484214,-4.02252974310408,-1.162363216811615
Chad,-0.9099173478143948,-0.9134019850506245,-1.2089723950025706,0.3192662103167375,-0.2752476168733492,-1.547948977792523,-2.464866601552411,-2.1486701749918318,-1.4029545166257797,-1.4734991446392804,-1.5126420590190544
Chile,0.3738820642559805,1.3376768492838242,0.8241401214846554,0.2065676760871902,-0.2611619708880485,0.46405306894356235,0.9158391563283306,0.7669990889261905,0.6284035078304456,0.5331137155099026,-0.2557591546276545
China,-0.9072292130339159,-0.9192449244443408,1.8343029441418308,-0.244226460830999,-0.12154786297430266,0.8191122536616956,0.48966691930943856,0.18772704973717957,0.3019800922812373,-0.27884903387052973,0.8706277105099938
Colombia,-0.11710905151630534,1.1239434611907226,-0.07094086061663883,0.4692606623488683,-0.23859936613321836,0.1197532534593129,0.5391915217764669,0.22634518568311368,0.19149832086458246,0.6695500791353028,0.5203488683025541
Comoros,-0.8517619028296114,-0.7860565046410253,-1.5286441743244616,-1.1521888464405151e-15,0.20621354418530302,-1.1498523161388592,-1.1511613571639054,-1.1445986403975457,-1.5937866672545475,-1.503448590313149,-1.7324248619727416
Costa Rica,0.24602568329363592,0.3177460680405787,-0.991595585063685,-0.2815223786335825,-0.17992595797081556,0.2703844227336721,0.9288719464512317,0.5031084932956414,0.3145348390331302,0.77270928090085,1.124751576425195
Croatia,0.9481159491199885,2.0149275971410954,1.4123361954369347,0.9200547992670575,-0.20521766370697317,1.3893588230574843,0.6955850032512877,0.7669990889261905,0.6183597104289315,0.19035894835340866,-0.6747201227581211
Cyprus,2.7420549633094145,-0.035571399867340335,-0.3266782840741518,0.769249566413131,-0.14419645930234218,0.6684810843873356,1.020101477311545,0.9987079046017951,0.8895422402698117,0.04726715235603763,0.08078326239517968
Denmark,2.6929521148233455,-0.10172838301164512,-0.3266782840741518,-1.0323054196160344,-0.13416825781083924,1.2064495460814761,1.0096752452132238,1.3398347721242123,1.1908561623152347,1.2119678174509196,1.3582708045634875
Dominican Republic,-0.5566696276277334,-0.6222824607465884,-0.032580247098012174,1.2200437033313203,-0.036462595687884,-0.3751777312992965,0.12083895883131628,0.15554526978223449,0.26682680137593795,0.6396006334614348,0.7057906082947281
Ecuador,-0.5850632104043703,0.5720942970791421,-0.36503889759277874,0.6946577308079629,-0.21289693748817934,-0.32138088512988244,0.5026997094323415,0.17485433775520154,0.008199018286950377,0.3434338929087362,0.7126588208870308
Egypt,-0.8797911319814712,-0.7441554820680157,-0.8253662598163017,0.2438635938897737,-0.17775353927921161,-0.6226432236786013,-0.15154635473733294,-0.1598361737762274,0.010709967637328904,-0.5650326258652726,-1.0524718153347712
El Salvador,-0.7459660300190579,-0.4465683015797403,-1.2473330085211976,1.2200437033313203,0.05964203911808189,-0.3751777312992965,0.021789753897261503,-0.3786722774698533,-0.28809300505771535,0.11049375988975951,0.245620364610445
Estonia,1.9925351968066085,0.5273809240085797,-0.41618638228428134,-0.5815112826978452,-0.2535234299573099,1.2494870230170079,0.7281669785585423,1.0308896845567403,0.8242575571599706,1.062220589081578,0.6920541831101226
Ethiopia,-0.8860595141708573,-0.8741595711479685,1.194959385498049,-0.35611421423875056,-0.16988078445828447,-1.2144085315421558,-0.854013742361743,-1.5887072037757881,-1.4381078075310791,-0.5849989229811848,-0.3450459183275901
Finland,0.4028543632764735,-0.31073027262766356,-0.46733386697578394,-1.1068972552212024,-0.2681159736373182,1.2602463922508902,1.1413064254545313,1.3269620601422343,1.0828853402489584,1.2585558440547149,1.3857436549326982
France,2.01540142955828,0.7278595167166807,1.041516931423541,0.2438635938897737,-0.1499431856224757,1.174171438379828,1.2390523513762952,1.0888168884756415,1.042710150642902,0.8758684826663965,0.28682964016426143
Gabon,-0.7730909085169366,-0.8219128485446273,-1.0171693274094362,-0.05612531017448787,-0.2797440709777419,-0.859349346824023,-0.8709563695215149,-0.18558159774018348,0.372286674091836,-0.08584149508337763,-0.6815883353504238
Gambia,-0.8805920041474073,-0.8118896313713484,-1.157824910311068,-0.1315279266014517,-0.0537819774130826,-1.4618740239214605,-1.4470056929537771,-1.517907287874909,-1.508414389341678,-0.8978042444638104,-0.08405383982008603
Georgia,1.8669976443091223,2.2459550658938165,0.28709153222387873,1.2200437033313203,-0.2150546470948922,0.8191122536616956,0.08043730945032022,0.5159812052776195,-0.057085664822891284,-1.8062707632378183,-0.3313094931429846
Germany,1.182775891675253,0.32051867065109957,0.9520088332134119,0.019277306252474802,-0.020460242794470264,1.6691024231384375,1.0657162427417008,1.3848892640611354,1.1657466688114495,0.8159695913186596,0.6920541831101226
Ghana,-0.8788584620952302,-0.8878080956026266,-0.9660218427179337,0.0938691418576429,-0.1452577763506362,-1.0745367315016792,-1.1837433324711601,-0.7777263489111724,-0.7475967361769852,-1.134072093668772,-0.09092205241238877
Greece,1.3092970245126327,1.23505155476765,-0.4929076093215352,0.3192662103167375,-0.19418245563446632,1.5292306230979604,1.1843146328601073,1.0051442605927843,0.6836443935387732,-0.1756898321049833,-2.2475408063954467
Guatemala,-0.5978216160531373,-0.17688338782785437,-0.5696288363587888,0.9200547992670575,-0.11005214739789854,-0.880868085291789,0.1495110971017002,-0.4430358373797435,-0.2730273089554442,0.20034209691136443,0.9667826868022321
Guinea,-0.8946426744463547,-0.897400085699614,-1.0811036832738146,-0.35611421423875056,-0.23007714864094708,-1.3004834854132183,-1.5056532485068348,-1.6401980517037003,-1.327626036114424,-1.263853024922202,-0.42746446943522254
Haiti,-0.8950118136671429,-0.865037806054172,-1.2984804932127,0.6946577308079629,0.16219491044667841,-0.7302369160174293,-1.1928662855571905,-1.4277983040010624,-1.4707501490859998,-1.7330610071461403,-2.5291375226798585
Honduras,-0.6304900460909683,-0.10432849479164956,-1.1706117814839436,1.2200437033313203,-0.1949450651126648,-0.6656807006141326,0.27592916129384804,-0.629690161118425,-0.6697573063152509,0.09052746277384723,0.7744727342177554
Hong Kong,0.1600295723338902,0.009235718219807313,0.0,-0.8069083511569398,7.67657532415171,1.4754337769285464,1.5257737340801365,1.3977619760431135,1.3289583765860533,0.22696382639924748,0.31430249053347237
Hungary,0.4176282868496334,2.6983242682856865,-0.08372773178951476,-0.4315168306657144,-0.16638907399875855,1.3248026076541872,0.48575708227256786,0.7863081568991576,0.7338633805463437,0.6695500791353028,-1.340936744211486
Iceland,2.4934412654582156,-0.6108245698394911,-0.14766208765389272,-1.5576913921393918,-0.28478476122310414,0.6684810843873356,1.2820605587818712,1.3977619760431135,1.1833233142640989,1.3816813429361745,1.3514025919711847
India,-0.7058308337025105,-0.6395930405291268,0.632337053891521,1.2200437033313203,0.22099843743696373,-0.3106215158959999,-0.45521036460094594,-0.5588902452175458,-0.38602002972247784,-1.476826860825266,0.7126588208870308
Indonesia,-0.7664171676308087,-0.49703311890783197,0.09528846463074431,-0.39422091286312977,-0.12375309423989438,-0.19226845432328882,-0.18673488806916744,-0.0890362578753482,0.05590705594414236,-0.019287171363669996,0.6645813327409116
Iran,-0.3443831551622665,0.3244057140187842,3.292006257849653,-0.1315279266014517,-0.2322540932048252,0.14127199192707807,0.4596915020267656,0.32932688153893797,0.48025749615811286,-1.220592714504392,-0.6129062094273965
Iraq,-0.5349888725605086,-0.46266919566826464,0.31266527456963006,0.9200547992670575,-0.18892565498801223,-1.1928897930743902,-0.3327021374456688,-0.3722359214788643,0.33713338318653663,-0.7613678808384097,-1.0524718153347712
Ireland,1.1818391513588855,0.17734153184060839,0.632337053891521,0.4692606623488683,-0.20957607870700354,0.8191122536616956,1.1921343069338486,1.4363801119890476,1.4821262869591436,1.145413493731212,0.83628664754848
Israel,2.063452756945447,-0.0459965956717363,0.875287606176158,0.769249566413131,0.16689955467568318,-0.05239665428281221,1.2794540007572912,1.2046712963134438,0.9221845818247328,0.8192973075046454,-0.15960417833541615
Italy,1.0132902459747335,1.1481394249514036,1.6680736188944476,0.6946577308079629,-0.05571339340608671,1.8089742231789137,1.3498310674209621,1.0308896845567403,0.9673816701315462,0.9291119416421626,-1.1211539412577984
Jamaica,-0.6047265760850752,-0.15118150412075032,-0.1988095723453953,0.16927175828460672,0.013328788136450673,0.03367829958824996,0.1716668403106336,0.013945437980476087,-0.1951878790937102,0.8958347797823087,0.6577131201486088
Japan,-0.4453332109842176,-0.7400179520160158,2.6910233127244982,-2.42117296735139,0.10486342341356852,1.8412523308805626,1.4957983167974616,1.2046712963134438,1.0502429986940374,0.6994995248091717,0.34864355349498605
Jordan,0.191636448899059,0.10529961153515732,-0.710284419260421,1.2200437033313203,-0.16498379065762728,-0.8485899775901404,0.179486514384375,-0.018236341974469005,-0.18012218299143903,0.05392258472800839,-0.0771856272277833
Kazakhstan,-0.42203350081734425,-0.171207689543726,-0.23717018586402255,0.5819591965784155,-0.28107694036248637,-0.05239665428281221,0.05828156624138685,0.599653833160476,0.6635567987357449,0.9956662653618702,0.10825611276439025
Kenya,-0.873359832330123,-0.8448841274086406,1.054303802596417,0.3192662103167375,-0.18983196091091578,-1.1928897930743902,-0.8409809522388401,-0.8420899088210626,-0.9961807218644589,-0.7513847322804535,0.25248857720274775
Kosovo,-0.05641389206531302,0.39901324793813653,0.05692785111211708,0.6192551143810002,-0.09837426546245888,3.8224958252480724e-16,0.0,0.0,-0.06712946222440538,0.0772165980299057,0.6508449075563062
Kuwait,0.0649255364343996,-0.4792823125274098,0.19758343401374948,1.2200437033313203,-0.02599085871351194,0.28114379196755507,0.304601299564232,0.4773630693316854,1.484637236309522,0.3667279062106335,0.6783177579255171
Kyrgyzstan,-0.7101737888175463,-0.5835440200530939,-0.28831767055552515,0.5819591965784155,-0.25205252146820306,-0.5150495313397732,-0.22192342140100194,-0.2241997336861176,-0.8982536971996965,0.7627261323428935,0.7813409468100582
Laos,-0.7226649630421422,-0.845127114491629,0.1208622069764956,0.9200547992670575,-0.2550147048716505,-0.7194775467835467,-0.6819809127394376,-0.7648536369291944,-0.3634214855690711,-0.5949820715391406,1.049201237909865
Latvia,2.0529206292755564,1.4171801229493168,-0.5440550940130375,-1.1822998716481652,-0.25332089717304057,1.3785994538236013,0.27853571931842974,0.8635444287910258,0.6987100896410443,0.8525744693644992,-0.8945029257118083
Lebanon,0.17243985260803985,0.23336805351266096,-0.7358581616061722,0.6192551143810002,0.38409050777299164,0.0014001918866018359,0.7529292797920574,0.07830899789036627,0.1965202195653395,0.05059486854202264,-1.2241771301423396
Lesotho,-0.8095822143446669,-0.6795059187903995,-0.9404481003721823,0.019277306252474802,-0.20540322447021436,-0.9561836699289685,-2.4531370904418,-1.3183802521542491,-1.053932556923165,-0.13242952168717295,-0.242022729443049
Liberia,-0.9032292501402345,-0.8793957927943461,-0.5440550940130375,0.2438635938897737,-0.23305064672507994,-1.2789647469454528,-1.1798334954342895,-1.6208889837307332,-2.098487486680631,-0.9543754196255614,-0.16647239092771887
Libya,-0.4306532548612209,-0.22896211936147506,-0.6847106769146697,1.2200437033313203,-0.2845369697160931,-0.22454656202493734,-0.03164468560663566,-0.0504181219294141,0.33964433253691545,0.3134844472348674,0.14946538831820666
Lithuania,1.7268614039315104,1.6274786936347405,-0.6847106769146697,0.16927175828460672,-0.23756746725470648,1.3355619768880702,0.3619455761050017,0.9665261246468501,0.8267685065103488,1.0189602786637675,-0.7090611857196348
Luxembourg,1.6580813609963756,0.3456678337404179,0.376599630434008,-0.4315168306657144,-0.02676138846819019,0.9267059460005237,1.1856179118723982,1.1853622283404768,1.758330715500781,0.8991624959682946,0.9049687734715074
Madagascar,-0.8977118790186823,-0.8851569865335999,-0.8637268733349285,0.8446521828400948,-0.23890712544786222,-1.2359272700099213,-0.7966694658209733,-1.3119438961632601,-1.5937866672545475,-0.9743417167414737,-1.6912155864189253
Malawi,-0.8835999116512773,-0.8211891370165905,0.568402698027143,-1.6330940085663543,-0.06514983709774129,-1.3973178085181635,-1.158981031237645,-1.6015799157577661,-1.8021954633359651,-2.1590086789522682,0.3349071283103806
Malaysia,0.005833371184628518,-0.10580816613342875,0.3254521457425054,0.019277306252474802,-0.17972795105882042,-0.1277122389199922,0.39192099338767467,0.5031084932956414,0.7840823675539141,-0.1257740893152022,0.7813409468100582
Mali,-0.9028822142239267,-0.8955649332549442,-0.9660218427179337,-0.8069083511569398,-0.27144248975883667,-1.5802270854941716,-1.8041041423212874,-1.9169613593162276,-1.3150712893625314,-0.3454033575902374,-0.4618055323967362
Malta,0.31283345244710176,0.12574727455269963,1.7447948459317015,0.16927175828460672,1.3565601574526682,1.2172089153153591,1.2221097242165235,1.0501987525297074,0.9824473662338173,1.0355988595936947,1.1659608519790108
Mauritania,-0.8300871498087802,-0.7677297288787044,0.875287606176158,-0.5815112826978452,-0.283783411982443,-1.1606116853727417,-1.0729646164264932,-1.1960894883254578,-0.8505456595425047,-0.13908495405914373,-2.254409018987749
Mauritius,0.2726252223210422,-0.33538446202941247,-0.7997925174705505,0.9946466348722256,0.4162253323877016,0.6792404536212185,0.2394373489497227,0.46449035734970734,0.5304764831656834,0.6429283496474197,0.7126588208870308
Mexico,-0.6166339610666917,0.9485622843227851,-0.4417601246300326,-0.20611976220661982,-0.2134570141821085,-0.19226845432328882,0.2472570230234641,0.3035814575749819,0.4049290156467571,0.38003877095457506,0.2662250023873532
Moldova,-0.05114739712569945,1.2281991690353455,-0.5312682228401618,0.16927175828460672,-0.1487245945126541,0.7007591920889845,-0.1632758658479432,0.11692713383630038,-0.5617864842489744,0.3966773518845023,-1.0249989649655604
Mongolia,0.9422242387864521,-0.4311138731255869,-0.5440550940130375,0.9200547992670575,-0.2863959717527104,-0.2675840389604684,-0.42784150534285104,0.03325450595344314,0.09859319490057701,1.0722037376395337,-0.5304876583197636
Montenegro,1.6109090660541268,2.326011810137228,0.2998784033967541,-1.1521888464405151e-15,-0.23627193631622392,0.8621497305972267,0.48575708227256786,0.6253992571244321,0.35722097798956487,0.5064919860220195,-1.3546731693960914
Morocco,-0.7038080304434084,-0.5991199420487416,0.018567237593490417,0.6946577308079629,-0.1980283155994464,-0.15999034662164033,0.4596915020267656,-0.2949996495869961,-0.27051635960506565,-1.4202556856635145,0.16320181350281215
Mozambique,-0.8659435821612531,-0.8705905108765407,0.7729926367931528,-0.35611421423875056,-0.24594825123840974,-1.440355285453695,-1.6033991744285987,-1.7753615275144692,-1.7695531217810443,-0.7414015837224974,0.6851859705178198
Myanmar,-0.838050762547083,-0.6560261669564287,0.09528846463074431,0.4692606623488683,-0.19617157649896616,-0.21378719279105438,-0.784939954710363,-0.9579443166588649,-0.4990127504895115,-0.09249692745534839,0.8981005608792048
Namibia,-0.4835380008003979,0.24819401537562785,-0.8765137445078041,0.16927175828460672,-0.2851536198134494,-0.9777024083967341,-1.2306613769136059,-0.5524538892265568,-0.07466231027554096,0.3467616090947212,0.04644219943366599
Nepal,-0.6923145393625922,-0.6199020872854595,0.568402698027143,0.9946466348722256,-0.05733026127603568,-0.6549213313802498,-0.3092431152244446,-0.8356535528300736,-1.1619033789894415,0.057250300913993406,0.3074342779411696
Netherlands,2.270444281563174,0.05735541021300586,0.7090582809287749,-0.20611976220661982,0.28676501892106704,1.303283869186422,1.1895277489092688,1.3655801960881684,1.2234985038701554,1.0422542919656657,1.1178833638328922
New Zealand,0.6028460714675895,-0.7569363026491621,0.22315717635950078,0.9200547992670575,-0.26803677087252015,0.7330372997906326,1.1908310279215597,1.281907568205312,0.9899802142849526,1.1587243584751534,1.3101933164173682
Nicaragua,-0.8944083807556215,-0.8953279458530171,-0.991595585063685,-4.936215076560423,-0.23017671783097893,-0.407455839000945,0.17297011932292444,-0.46234490535271056,-0.5391879400955679,0.3866942033265458,0.2799614275719587
Niger,-0.9104462163277356,-0.9127082719278948,-1.0938905544466901,-1.933082912630617,-0.2694522374262683,-1.720098885534648,-1.3987843694990396,-2.174415598955788,-1.9352757789060266,-1.4468774151513975,-0.5236194457274609
Nigeria,-0.9047533421614162,-0.9108086229118144,-0.8893006156806798,0.05657322405505943,-0.051494148978487225,-1.3973178085181635,-2.4062190459993538,-1.241143980262381,-0.5341660413948108,-0.3254370604743251,0.21814751424123405
North Macedonia,0.08796173804997631,2.4280243872250016,0.376599630434008,-1.1521888464405151e-15,-0.19517701606671625,0.8621497305972267,0.34500294894522804,0.2713996776200368,0.1864764221638254,0.2835350015609993,-0.3381777057352873
Norway,0.8398553740555582,-0.49097044119524025,1.041516931423541,-0.4315168306657144,-0.2722729873211478,0.9267059460005237,1.2051670970567516,1.4492528239710256,1.4545058441049796,1.2419172631247883,1.4338211430788175
Pakistan,-0.8674271703949686,-0.820790908186137,0.5428289556813917,0.9200547992670575,0.0005364101534954393,-0.8163118698884919,-0.7666940485383004,-1.1252895724245786,-0.5818740790520025,-1.074173202321035,-0.5579605086889745
Panama,0.3905530889874374,0.49081136801879816,-0.2755307993826492,0.6946577308079629,-0.2262550495054064,-0.14923097738775773,0.6981915612758693,0.5352902732505859,0.6032940143266603,0.776036997086835,0.83628664754848
Paraguay,-0.3104797004801728,1.0407076359448777,-1.0427430697551876,0.769249566413131,-0.26923838996131355,-0.4935307928720076,0.14299470204024964,-0.024672697965458023,-0.13492509468462557,0.885851631224353,0.8225502223638745
Peru,-0.19550041596821666,3.8707211945428077,-0.41618638228428134,0.9200547992670575,-0.260203617433992,-0.21378719279105438,0.4675111761005052,0.29070874559300386,0.12872458710511933,0.2169806778412917,0.41732567941801346
Philippines,-0.6907238500248569,-0.5136529854081713,2.5120071163042397,1.2200437033313203,0.109496785154255,-0.6334025929124842,-0.25059555967138586,-0.0890362578753482,-0.2554506635027945,0.2802072853750136,1.124751576425195
Poland,0.14943559952449098,1.3858595379281684,0.31266527456963006,0.16927175828460672,-0.14830368839115585,1.152652699912062,0.7268636995462533,0.953653412664872,0.746418127298236,0.7627261323428935,0.6096356320024897
Portugal,2.132021431600906,0.7754947344641675,0.8497138638304067,0.2438635938897737,-0.16149208019810135,1.6260649462029064,1.159552331626594,0.8506717168090477,0.7840823675539141,0.7394321190409963,0.7813409468100582
Qatar,-0.07234830930352168,-0.7487054901929903,0.798566379138904,0.0938691418576429,-0.031428694250933004,0.087475145757664,0.9223555513897811,0.7476900209532235,1.94665191677917,0.3467616090947212,1.104146938648287
Romania,0.10353667414873165,1.6531385795744145,0.2743046610510034,0.16927175828460672,-0.19231553332136922,1.2817651307186562,0.3775849242524827,0.6189629011334431,0.6359363558815809,0.0772165980299057,0.4654031675641326
Russia,-0.08555497023450218,0.9868537487772018,0.33823901691538133,0.16927175828460672,-0.2786533357596658,0.9159465767666407,-0.07465289301221156,0.593217477169487,0.6886662922395302,0.8093141589466889,-0.41372804425061704
Rwanda,-0.8473760644966905,-0.8395436613038205,0.31266527456963006,0.4692606623488683,0.2712921930837318,-1.1606116853727417,-0.5386202213875179,-1.2153985562984249,-1.380355972472373,-1.6565235348684766,1.104146938648287
Saudi Arabia,-0.7677115844624355,-0.7278940965110978,-0.07094086061663883,0.769249566413131,-0.27129992478220016,0.087475145757664,0.25768325512178536,0.7863081568991576,1.2410751493228052,0.493181121278078,0.3074342779411696
Senegal,-0.8793795974597097,-0.8352591390658151,0.4661077286441378,-0.5815112826978452,-0.19548477538136014,-1.3327615931148669,-0.6793743547148577,-1.4149255920190844,-1.1518595815879273,-0.2488995881966617,-0.7021929731273321
Serbia,1.0492245311516963,0.833010676959724,-0.17323582999964401,1.2200437033313203,-0.1977895758369837,1.0880964845087657,0.3710685291910321,0.4773630693316854,0.23920635852177444,0.579701742113698,-0.7708750990503594
Sierra Leone,-0.9065414172832199,-0.9104441422873314,-0.4033995111114057,0.3192662103167375,-0.17017157175190017,-1.2897241161793354,-2.4049157669870627,-1.8011069514784253,-1.6088523633568186,-1.2239204306903773,-0.5854333590581855
Singapore,0.678326349845538,-0.7313611622044812,0.1208622069764956,-0.20611976220661982,8.667760587153166,1.2172089153153591,1.364167136556154,1.3269620601422343,1.6654255895367758,0.8459190369925285,1.1110151512405895
Slovakia,2.2054610476240244,1.8440439311888446,-0.7230712904332965,0.16927175828460672,-0.16063555887021377,1.0880964845087657,0.5717734970837215,0.8249262928450917,0.8468561013133771,0.9823554006179287,-0.41372804425061704
Slovenia,2.381723625295605,1.4725331804222221,-0.46733386697578394,0.3938580459219056,-0.17252615680253966,1.4431556692268983,1.06441296372941,1.1917985843314658,0.8769874935179194,1.0455820081516505,1.1659608519790108
Somalia,-0.9019947802508165,-0.859567596846398,-1.1833986526568194,-0.919606885386487,-0.2620467789176497,-1.53718960855864,-2.053030433668713,0.0,-2.2817867892582626,-1.6997838452862866,1.1316197890174977
South Africa,-0.47258611085918034,0.34161429922327813,0.38938650160688393,0.2438635938897737,-0.2357356204517342,-0.407455839000945,-1.1759236583974186,-0.14696346179424938,0.12872458710511933,0.4732148241621657,-0.035976351673966865
South Korea,1.445607027152309,-0.5685635664027947,4.647414602174471,-0.20611976220661982,0.3087415232163916,1.3248026076541872,1.2872736748310327,1.1853622283404768,0.9849583155841957,0.033956287612096105,-1.6156652479035951
South Sudan,-0.9025170785953323,-0.9128657635557578,-0.9788087138908093,0.0938691418576429,0.0,-1.2789647469454528,-1.9943828781156545,-1.9233977153072166,-1.5134362880424348,-2.109092936162488,-2.639028924156702
Spain,0.8496041143628146,0.7841305253919872,0.9264350908676605,0.019277306252474802,-0.18329094400666457,1.5507493615657264,1.3563474624824128,1.1081259564486086,0.9472940753285181,0.9158010768982211,-0.2214180916661408
Sri Lanka,-0.7064568578354238,-0.3457429113819998,-0.7358581616061722,1.2200437033313203,0.09827488485043843,0.32418126890308613,0.49878987239547085,0.32289052554794895,0.10110414425095554,0.1870312321674229,0.5203488683025541
Sweden,0.7369888808612606,0.47880600621484376,0.10807533580361967,-1.257702488075129,-0.2606686508101635,1.066577746041,1.257298257548358,1.3720165520791574,1.200899959716749,0.9257842254561776,1.234642977902038
Switzerland,1.9001324092900733,0.26543184902529615,0.875287606176158,-0.9569028031890706,-0.046227165119416234,1.2925244999525392,1.3850196007527966,1.4363801119890476,1.3641116674913527,1.0555651567096072,1.2209065527174325
Syria,-0.8924076406982401,-0.7926959016956484,-0.6847106769146697,0.16927175828460672,0.0,-1.0099805160983826,-0.05901354486472874,-1.0609260125146893,-0.7275091413739571,-2.7646530248016075,-2.618424286379794
Taiwan,-0.36582932913564575,-0.8538948984028004,-0.16044895882676866,-0.656913899124809,0.0,1.1956901768475938,0.952330968672454,0.0,1.1531919220595572,0.7361044028550104,-0.2969684301814709
Tajikistan,-0.9006550272491595,-0.912343791303412,0.5811895692000184,-1.257702488075129,-0.21590437961436854,-0.8378306083562574,-0.26753818683115954,-0.4108540574247984,-1.0438887595216508,-0.36869737089213467,-0.035976351673966865
Tanzania,-0.9090057519284643,-0.9117153247122254,-2.2063483464868705,-2.6084633371861052,-0.21543142596171727,-1.440355285453695,-1.0025875497628243,-1.305507540172271,-1.0865748984780859,-1.0775009185070206,0.1563336009105094
Thailand,-0.48760756203382954,-0.6001181389853397,0.005780366420614486,-0.656913899124809,-0.13573873548997792,0.9697434229360548,0.5209456156044042,0.29070874559300386,0.3547100286391866,0.6662223629493178,1.1178833638328922
Togo,-0.8836122699851097,-0.8978103138921906,-0.08372773178951476,-0.9569028031890706,-0.12642222741358897,-1.2574460084776873,-1.5786368731950855,-1.3956165240461174,-1.591275717904169,-2.119076084720444,-0.6953247605350293
Tunisia,-0.3288249953847223,0.8773273211200984,-0.6463500633960427,0.4692606623488683,-0.20464966673656423,0.17355009962872694,0.4622980600513455,0.052563573926410194,0.030797562440357105,-0.6948135571187021,-1.5607195471651734
Turkey,0.27169291335963996,-0.049258922248897746,3.867415460629057,0.16927175828460672,-0.16992943758523182,0.05519703805601588,0.5913226822680732,0.567472053205531,0.6886662922395302,0.5031642698360345,-1.3684095945806969
Uganda,-0.889535160214443,-0.8646343275027897,0.018567237593490417,0.6946577308079629,-0.046774795664591404,-1.5802270854941716,-1.2749728633314725,-1.2089622003074358,-1.4481516049325933,-0.4652011402857111,-0.2626273672199572
Ukraine,-0.13777923708624634,1.0183663235923166,0.4661077286441378,0.3192662103167375,-0.201071964703829,1.109615222976531,-0.14242340165130069,0.3035814575749819,-0.22280832194787395,0.6029957554155952,-1.4851692086498434
United Arab Emirates,-0.305535765405761,-0.748938727794254,0.5811895692000184,0.3938580459219056,-0.1614117459652348,0.3134218996692032,0.6278144946121985,1.0180169725747623,1.4921700843606571,0.33677846053676547,1.3994800801173037
United Kingdom,1.2793422813971094,1.0431825043827245,0.555615826854267,0.2438635938897737,0.020139094441015287,1.045059007573234,1.06441296372941,1.288343924196301,1.0653086947963084,1.0954977509414316,0.3829846164564997
United States,0.7738330174540995,1.3414708975950567,1.783155459450328,-0.7696124333543564,-0.2483469635437224,0.7760747767261637,0.7438063267060251,1.249725788250367,1.316403629834161,0.8259527398766161,0.4104574668257107
Uruguay,0.8445925994542326,0.6331987988095764,-0.007006504752260878,0.16927175828460672,-0.26628865270662005,0.48557180741132827,0.6199948205384571,0.5481629852325639,0.5405202805671975,0.8525744693644992,0.8843641356945993
Uzbekistan,-0.8657711135586492,-0.8857824532842558,-0.4801207381486596,0.6946577308079629,-0.20249308859791992,-0.3106215158959999,-0.18673488806916744,-0.07616354589337017,-0.41112952322626306,1.065548305267563,1.6261310956632942
Venezuela,-0.790926457240809,-0.7724889758806966,-0.4929076093215352,0.9946466348722256,-0.24761716663951172,-0.22454656202493734,-0.14242340165130069,-0.13409074981227134,0.12872458710511933,0.7261212542970547,-1.6500063108651088
Vietnam,-0.18309137887962293,-0.5928652745421836,-0.3522520264199031,0.9200547992670575,0.05999958302774174,0.16279073039484399,0.2928717884536217,-0.17914524174919447,-0.4211733206277772,0.45657624323223917,1.021728387540654
Yemen,-0.9102566238466681,-0.8691010900530365,-0.5824157075316645,-1.6330940085663543,-0.22809368511678996,-1.1606116853727417,-0.9165711349516706,-1.6852525436406234,-1.5611443256996267,-0.15239581880308525,-1.7255566493804388
Zambia,-0.7992759587859379,-0.7640054268598114,0.4405339862983865,-1.1450039538455816,-0.26261817029226425,-1.440355285453695,-1.2072023546923825,-0.9515079606678759,-0.8304580647394766,-0.5018060183315499,0.25248857720274775
Zimbabwe,-0.8012053961362748,-0.6486533088920436,0.7602057656202774,0.2438635938897737,-0.2402897794276226,-1.2359272700099213,-1.519989317642027,-1.0351805885507332,-1.3627793270197233,-0.31545391191636857,-0.2282863042584435
